,R_total_C_W,T_junction_C
TDP_W,2.6467848139110218e-14,0.9702285822424592
V_air_m_s,-0.7963923368150984,-0.17430408013069545
k_tim_W_mK,-0.25865004791296525,-0.05660998554748725
