,R_total_C_W,T_junction_C
TDP_W,0.0,0.9788484670534291
V_air_m_s,-0.8787633308889292,-0.15443621611090644
k_tim_W_mK,-0.35663536423399694,-0.05275428045484486
