model,target,MAE,RMSE,R2
Linear Regression,R_total_C_W,0.012439384762995704,0.01640936606116321,0.7132613081169314
Linear Regression,T_junction_C,2.2570870171258717,3.105495490291836,0.9775619903380397
Random Forest,R_total_C_W,0.0007457595381648398,0.0017593534898650144,0.9967038352814345
Random Forest,T_junction_C,0.10469289752229306,0.26999033936493233,0.9998304026842124
